summary,recomendation,timestamp,status,createdAt,updatedAt
berdasarkan prediksi kami memperkirakan akar terjadi kedatangan biota laut pada tanggal 04 oktober 2025,lakukan persiapan untuk mengantisipasi kedatangan biota laut,10/9/2025,0,10/9/2025,10/9/2025
berdasarkan prediksi kami memperkirakan akar terjadi kedatangan biota laut pada tanggal 04 oktober 2026,lakukan persiapan untuk mengantisipasi kedatangan biota laut,10/10/2025,0,10/9/2025,10/9/2025
berdasarkan prediksi kami memperkirakan akar terjadi kedatangan biota laut pada tanggal 04 oktober 2027,lakukan persiapan untuk mengantisipasi kedatangan biota laut,10/11/2025,0,10/9/2025,10/9/2025
berdasarkan prediksi kami memperkirakan akar terjadi kedatangan biota laut pada tanggal 04 oktober 2028,lakukan persiapan untuk mengantisipasi kedatangan biota laut,10/12/2025,0,10/9/2025,10/9/2025
berdasarkan prediksi kami memperkirakan akar terjadi kedatangan biota laut pada tanggal 04 oktober 2029,lakukan persiapan untuk mengantisipasi kedatangan biota laut,10/13/2025,0,10/9/2025,10/9/2025
berdasarkan prediksi kami memperkirakan akar terjadi kedatangan biota laut pada tanggal 04 oktober 2030,lakukan persiapan untuk mengantisipasi kedatangan biota laut,10/14/2025,0,10/9/2025,10/9/2025
berdasarkan prediksi kami memperkirakan akar terjadi kedatangan biota laut pada tanggal 04 oktober 2031,lakukan persiapan untuk mengantisipasi kedatangan biota laut,10/15/2025,0,10/9/2025,10/9/2025
berdasarkan prediksi kami memperkirakan akar terjadi kedatangan biota laut pada tanggal 04 oktober 2032,lakukan persiapan untuk mengantisipasi kedatangan biota laut,10/16/2025,0,10/9/2025,10/9/2025
berdasarkan prediksi kami memperkirakan akar terjadi kedatangan biota laut pada tanggal 04 oktober 2033,lakukan persiapan untuk mengantisipasi kedatangan biota laut,10/17/2025,0,10/9/2025,10/9/2025
berdasarkan prediksi kami memperkirakan akar terjadi kedatangan biota laut pada tanggal 04 oktober 2034,lakukan persiapan untuk mengantisipasi kedatangan biota laut,10/18/2025,0,10/9/2025,10/9/2025
berdasarkan prediksi kami memperkirakan akar terjadi kedatangan biota laut pada tanggal 04 oktober 2035,lakukan persiapan untuk mengantisipasi kedatangan biota laut,10/19/2025,0,10/9/2025,10/9/2025
berdasarkan prediksi kami memperkirakan akar terjadi kedatangan biota laut pada tanggal 04 oktober 2036,lakukan persiapan untuk mengantisipasi kedatangan biota laut,10/20/2025,0,10/9/2025,10/9/2025
berdasarkan prediksi kami memperkirakan akar terjadi kedatangan biota laut pada tanggal 04 oktober 2037,lakukan persiapan untuk mengantisipasi kedatangan biota laut,10/21/2025,0,10/9/2025,10/9/2025
berdasarkan prediksi kami memperkirakan akar terjadi kedatangan biota laut pada tanggal 04 oktober 2038,lakukan persiapan untuk mengantisipasi kedatangan biota laut,10/22/2025,0,10/9/2025,10/9/2025
berdasarkan prediksi kami memperkirakan akar terjadi kedatangan biota laut pada tanggal 04 oktober 2039,lakukan persiapan untuk mengantisipasi kedatangan biota laut,10/23/2025,0,10/9/2025,10/9/2025
berdasarkan prediksi kami memperkirakan akar terjadi kedatangan biota laut pada tanggal 04 oktober 2040,lakukan persiapan untuk mengantisipasi kedatangan biota laut,10/24/2025,0,10/9/2025,10/9/2025
berdasarkan prediksi kami memperkirakan akar terjadi kedatangan biota laut pada tanggal 04 oktober 2041,lakukan persiapan untuk mengantisipasi kedatangan biota laut,10/25/2025,0,10/9/2025,10/9/2025
berdasarkan prediksi kami memperkirakan akar terjadi kedatangan biota laut pada tanggal 04 oktober 2042,lakukan persiapan untuk mengantisipasi kedatangan biota laut,10/26/2025,0,10/9/2025,10/9/2025
berdasarkan prediksi kami memperkirakan akar terjadi kedatangan biota laut pada tanggal 04 oktober 2043,lakukan persiapan untuk mengantisipasi kedatangan biota laut,10/27/2025,0,10/9/2025,10/9/2025
berdasarkan prediksi kami memperkirakan akar terjadi kedatangan biota laut pada tanggal 04 oktober 2044,lakukan persiapan untuk mengantisipasi kedatangan biota laut,10/28/2025,0,10/9/2025,10/9/2025
berdasarkan prediksi kami memperkirakan akar terjadi kedatangan biota laut pada tanggal 04 oktober 2045,lakukan persiapan untuk mengantisipasi kedatangan biota laut,10/29/2025,0,10/9/2025,10/9/2025
berdasarkan prediksi kami memperkirakan akar terjadi kedatangan biota laut pada tanggal 04 oktober 2046,lakukan persiapan untuk mengantisipasi kedatangan biota laut,10/30/2025,0,10/9/2025,10/9/2025
berdasarkan prediksi kami memperkirakan akar terjadi kedatangan biota laut pada tanggal 04 oktober 2047,lakukan persiapan untuk mengantisipasi kedatangan biota laut,10/31/2025,0,10/9/2025,10/9/2025
berdasarkan prediksi kami memperkirakan akar terjadi kedatangan biota laut pada tanggal 04 oktober 2048,lakukan persiapan untuk mengantisipasi kedatangan biota laut,11/1/2025,0,10/9/2025,10/9/2025
berdasarkan prediksi kami memperkirakan akar terjadi kedatangan biota laut pada tanggal 04 oktober 2049,lakukan persiapan untuk mengantisipasi kedatangan biota laut,11/2/2025,0,10/9/2025,10/9/2025
berdasarkan prediksi kami memperkirakan akar terjadi kedatangan biota laut pada tanggal 04 oktober 2050,lakukan persiapan untuk mengantisipasi kedatangan biota laut,11/3/2025,0,10/9/2025,10/9/2025
berdasarkan prediksi kami memperkirakan akar terjadi kedatangan biota laut pada tanggal 04 oktober 2051,lakukan persiapan untuk mengantisipasi kedatangan biota laut,11/4/2025,0,10/9/2025,10/9/2025
berdasarkan prediksi kami memperkirakan akar terjadi kedatangan biota laut pada tanggal 04 oktober 2052,lakukan persiapan untuk mengantisipasi kedatangan biota laut,11/5/2025,0,10/9/2025,10/9/2025
berdasarkan prediksi kami memperkirakan akar terjadi kedatangan biota laut pada tanggal 04 oktober 2053,lakukan persiapan untuk mengantisipasi kedatangan biota laut,11/6/2025,0,10/9/2025,10/9/2025
berdasarkan prediksi kami memperkirakan akar terjadi kedatangan biota laut pada tanggal 04 oktober 2054,lakukan persiapan untuk mengantisipasi kedatangan biota laut,11/7/2025,0,10/9/2025,10/9/2025
berdasarkan prediksi kami memperkirakan akar terjadi kedatangan biota laut pada tanggal 04 oktober 2055,lakukan persiapan untuk mengantisipasi kedatangan biota laut,11/8/2025,0,10/9/2025,10/9/2025
berdasarkan prediksi kami memperkirakan akar terjadi kedatangan biota laut pada tanggal 04 oktober 2056,lakukan persiapan untuk mengantisipasi kedatangan biota laut,11/9/2025,0,10/9/2025,10/9/2025
berdasarkan prediksi kami memperkirakan akar terjadi kedatangan biota laut pada tanggal 04 oktober 2057,lakukan persiapan untuk mengantisipasi kedatangan biota laut,11/10/2025,0,10/9/2025,10/9/2025
berdasarkan prediksi kami memperkirakan akar terjadi kedatangan biota laut pada tanggal 04 oktober 2058,lakukan persiapan untuk mengantisipasi kedatangan biota laut,11/11/2025,0,10/9/2025,10/9/2025
berdasarkan prediksi kami memperkirakan akar terjadi kedatangan biota laut pada tanggal 04 oktober 2059,lakukan persiapan untuk mengantisipasi kedatangan biota laut,11/12/2025,0,10/9/2025,10/9/2025
berdasarkan prediksi kami memperkirakan akar terjadi kedatangan biota laut pada tanggal 04 oktober 2060,lakukan persiapan untuk mengantisipasi kedatangan biota laut,11/13/2025,0,10/9/2025,10/9/2025
berdasarkan prediksi kami memperkirakan akar terjadi kedatangan biota laut pada tanggal 04 oktober 2061,lakukan persiapan untuk mengantisipasi kedatangan biota laut,11/14/2025,0,10/9/2025,10/9/2025
berdasarkan prediksi kami memperkirakan akar terjadi kedatangan biota laut pada tanggal 04 oktober 2062,lakukan persiapan untuk mengantisipasi kedatangan biota laut,11/15/2025,0,10/9/2025,10/9/2025
berdasarkan prediksi kami memperkirakan akar terjadi kedatangan biota laut pada tanggal 04 oktober 2063,lakukan persiapan untuk mengantisipasi kedatangan biota laut,11/16/2025,0,10/9/2025,10/9/2025
berdasarkan prediksi kami memperkirakan akar terjadi kedatangan biota laut pada tanggal 04 oktober 2064,lakukan persiapan untuk mengantisipasi kedatangan biota laut,11/17/2025,0,10/9/2025,10/9/2025
berdasarkan prediksi kami memperkirakan akar terjadi kedatangan biota laut pada tanggal 04 oktober 2065,lakukan persiapan untuk mengantisipasi kedatangan biota laut,11/18/2025,0,10/9/2025,10/9/2025
berdasarkan prediksi kami memperkirakan akar terjadi kedatangan biota laut pada tanggal 04 oktober 2066,lakukan persiapan untuk mengantisipasi kedatangan biota laut,11/19/2025,0,10/9/2025,10/9/2025
berdasarkan prediksi kami memperkirakan akar terjadi kedatangan biota laut pada tanggal 04 oktober 2067,lakukan persiapan untuk mengantisipasi kedatangan biota laut,11/20/2025,0,10/9/2025,10/9/2025
berdasarkan prediksi kami memperkirakan akar terjadi kedatangan biota laut pada tanggal 04 oktober 2068,lakukan persiapan untuk mengantisipasi kedatangan biota laut,11/21/2025,0,10/9/2025,10/9/2025
berdasarkan prediksi kami memperkirakan akar terjadi kedatangan biota laut pada tanggal 04 oktober 2069,lakukan persiapan untuk mengantisipasi kedatangan biota laut,11/22/2025,0,10/9/2025,10/9/2025
berdasarkan prediksi kami memperkirakan akar terjadi kedatangan biota laut pada tanggal 04 oktober 2070,lakukan persiapan untuk mengantisipasi kedatangan biota laut,11/23/2025,0,10/9/2025,10/9/2025
berdasarkan prediksi kami memperkirakan akar terjadi kedatangan biota laut pada tanggal 04 oktober 2071,lakukan persiapan untuk mengantisipasi kedatangan biota laut,11/24/2025,0,10/9/2025,10/9/2025
berdasarkan prediksi kami memperkirakan akar terjadi kedatangan biota laut pada tanggal 04 oktober 2072,lakukan persiapan untuk mengantisipasi kedatangan biota laut,11/25/2025,0,10/9/2025,10/9/2025
berdasarkan prediksi kami memperkirakan akar terjadi kedatangan biota laut pada tanggal 04 oktober 2073,lakukan persiapan untuk mengantisipasi kedatangan biota laut,11/26/2025,0,10/9/2025,10/9/2025
berdasarkan prediksi kami memperkirakan akar terjadi kedatangan biota laut pada tanggal 04 oktober 2074,lakukan persiapan untuk mengantisipasi kedatangan biota laut,11/27/2025,0,10/9/2025,10/9/2025
berdasarkan prediksi kami memperkirakan akar terjadi kedatangan biota laut pada tanggal 04 oktober 2075,lakukan persiapan untuk mengantisipasi kedatangan biota laut,11/28/2025,0,10/9/2025,10/9/2025
berdasarkan prediksi kami memperkirakan akar terjadi kedatangan biota laut pada tanggal 04 oktober 2076,lakukan persiapan untuk mengantisipasi kedatangan biota laut,11/29/2025,0,10/9/2025,10/9/2025
berdasarkan prediksi kami memperkirakan akar terjadi kedatangan biota laut pada tanggal 04 oktober 2077,lakukan persiapan untuk mengantisipasi kedatangan biota laut,11/30/2025,0,10/9/2025,10/9/2025
berdasarkan prediksi kami memperkirakan akar terjadi kedatangan biota laut pada tanggal 04 oktober 2078,lakukan persiapan untuk mengantisipasi kedatangan biota laut,12/1/2025,0,10/9/2025,10/9/2025
berdasarkan prediksi kami memperkirakan akar terjadi kedatangan biota laut pada tanggal 04 oktober 2079,lakukan persiapan untuk mengantisipasi kedatangan biota laut,12/2/2025,0,10/9/2025,10/9/2025
